player_id,player_name,link
00-0013013,Michael Pittman,https://www.pro-football-reference.com/players/P/PittMi00.htm
00-0036252,Michael Pittman,https://www.pro-football-reference.com/players/P/PittMi01.htm
00-0023452,Mike Williams,https://www.pro-football-reference.com/players/W/WillMi03.htm
00-0027702,Mike Williams,https://www.pro-football-reference.com/players/W/WillMi04.htm
00-0033536,Mike Williams,https://www.pro-football-reference.com/players/W/WillMi07.htm
00-0023456,Matt Jones,https://www.pro-football-reference.com/players/J/JoneMa00.htm
00-0031939,Matt Jones,https://www.pro-football-reference.com/players/J/JoneMa04.htm
00-0023436,Alex Smith,https://www.pro-football-reference.com/players/S/SmitAl03.htm
00-0023506,Alex Smith,https://www.pro-football-reference.com/players/S/SmitAl02.htm
00-0025425,Zach Miller,https://www.pro-football-reference.com/players/M/MillZa01.htm
00-0027125,Zach Miller,https://www.pro-football-reference.com/players/M/MillZa02.htm
00-0022984,Ryan Grant,https://www.pro-football-reference.com/players/G/GranRy00.htm
00-0031068,Ryan Grant,https://www.pro-football-reference.com/players/G/GranRy01.htm
00-0020337,Steve Smith,https://www.pro-football-reference.com/players/S/SmitSt01.htm
00-0025438,Steve Smith,https://www.pro-football-reference.com/players/S/SmitSt02.htm
00-0021306,Adrian Peterson,https://www.pro-football-reference.com/players/P/PeteAd00.htm
00-0025394,Adrian Peterson,https://www.pro-football-reference.com/players/P/PeteAd01.htm
